regiao,receita_total,media_ticket
Centro-Oeste,441000.02999999997,8166.667222222221
Nordeste,321891.60000000003,6848.757446808511
Norte,320131.72,6811.313191489361
Sul,292351.04000000004,7496.180512820514
Sudeste,233230.21,7523.555161290323
